city,country,lat,lng,temp,humidity,cloudiness,windspeed,cityname,dt
Barrow,US,71.29,-156.79,33.8,80,90,12.75,Barrow,1590364201
La Rioja,ES,42.25,-2.5,60.8,77,96,3.36,La Rioja,1590364201
Daru,PG,-9.08,143.21,79.84,87,91,12.86,Daru,1590364201
Hobart,AU,-42.88,147.33,48.2,70,75,6.93,Hobart,1590364001
Hilo,US,19.73,-155.09,80.6,61,90,3.36,Hilo,1590364201
Constitución,CL,-35.33,-72.42,61.41,80,7,8.88,Constitución,1590364059
Ushuaia,AR,-54.8,-68.3,42.8,81,75,5.82,Ushuaia,1590364104
Cape Town,ZA,-33.93,18.42,63.0,82,75,13.87,Cape Town,1590364201
Sola,VU,-13.88,167.55,84.2,66,40,5.82,Sola,1590364201
Bethel,US,41.37,-73.41,63.0,59,1,6.93,Bethel,1590364030
Huambo,AO,-12.78,15.74,55.65,62,95,0.67,Huambo,1590364202
Punta Arenas,CL,-53.15,-70.92,42.8,93,90,8.21,Punta Arenas,1590364202
Rikitea,PF,-23.12,-134.97,71.31,71,81,25.26,Rikitea,1590364202
Namatanai,PG,-3.67,152.43,85.32,69,94,2.93,Namatanai,1590364202
Lata,PT,40.16,-8.33,64.0,86,70,1.39,Lata,1590364202
Arraial do Cabo,BR,-22.97,-42.03,68.25,87,100,14.5,Arraial do Cabo,1590364077
Great Yarmouth,GB,52.61,1.73,54.0,95,42,7.38,Great Yarmouth,1590364203
Hermanus,ZA,-34.42,19.23,59.0,86,84,8.99,Hermanus,1590364203
Hasaki,JP,35.73,140.83,73.99,64,75,5.82,Hasaki,1590364204
Alma,CA,48.55,-71.65,78.8,22,75,8.05,Alma,1590363996
Busselton,AU,-33.65,115.33,57.99,45,90,31.36,Busselton,1590364204
Avarua,CK,-21.21,-159.78,78.8,94,17,9.17,Avarua,1590364204
Bredasdorp,ZA,-34.53,20.04,48.2,87,100,2.24,Bredasdorp,1590364204
Pevek,RU,69.7,170.31,30.15,94,94,2.59,Pevek,1590364204
Tuktoyaktuk,CA,69.45,-133.04,42.8,56,20,20.8,Tuktoyaktuk,1590364205
Sosnovo-Ozerskoye,RU,52.52,111.54,54.86,41,74,4.41,Sosnovo-Ozerskoye,1590364205
Thompson,CA,55.74,-97.86,66.2,27,40,17.22,Thompson,1590364205
Karratha,AU,-20.74,116.85,73.58,66,62,21.12,Karratha,1590364205
Swansea,GB,51.62,-3.94,57.0,93,42,1.59,Swansea,1590364205
Presidente Epitácio,BR,-21.76,-52.12,54.84,82,0,1.01,Presidente Epitácio,1590364205
Half Moon Bay,US,37.46,-122.43,84.2,82,1,12.75,Half Moon Bay,1590364205
Mataura,NZ,-46.19,168.86,52.7,87,84,1.36,Mataura,1590364205
Kostek,RU,43.34,46.85,51.85,74,92,0.89,Kostek,1590364205
Peçanha,BR,-18.55,-42.56,64.8,98,100,1.3,Peçanha,1590364205
Vaini,TO,-21.2,-175.2,78.8,74,40,9.17,Vaini,1590364206
Kozhevnikovo,RU,56.26,83.97,55.0,98,97,5.23,Kozhevnikovo,1590364206
Ponta do Sol,PT,32.67,-17.1,71.01,49,61,3.67,Ponta do Sol,1590364206
New Norfolk,AU,-42.78,147.06,46.99,83,8,0.81,New Norfolk,1590364206
San Andrés,CO,12.58,-81.7,83.93,80,50,8.81,San Andrés,1590364206
Hithadhoo,MV,-0.6,73.08,83.05,76,93,6.91,Hithadhoo,1590364206
Praia da Vitória,PT,38.73,-27.07,64.4,93,40,8.3,Praia da Vitória,1590364207
Philadelphia,US,39.95,-75.16,64.99,68,75,16.11,Philadelphia,1590364171
Butaritari,KI,3.07,172.79,83.37,78,57,9.35,Butaritari,1590364207
Xining,CN,36.62,101.77,45.46,66,60,2.75,Xining,1590364207
Anadyr,RU,64.75,177.48,37.4,69,40,6.71,Anadyr,1590364207
Nizwá,OM,22.93,57.53,79.27,65,17,2.13,Nizwá,1590364207
Nikolskoye,RU,59.7,30.79,44.6,65,96,4.47,Nikolskoye,1590364207
Bluff,NZ,-46.6,168.33,50.14,81,64,11.14,Bluff,1590364207
Umm Kaddadah,SD,13.6,26.69,94.08,19,86,12.95,Umm Kaddadah,1590364207
Dingle,PH,11.0,122.67,85.53,72,99,2.53,Dingle,1590364208
Lüderitz,NA,-26.65,15.16,60.8,77,3,8.05,Lüderitz,1590364208
Praia,CV,14.92,-23.51,73.4,73,40,14.99,Praia,1590364208
Saint-Augustin,CA,51.23,-58.65,48.18,52,0,3.74,Saint-Augustin,1590364208
Faya,SA,18.39,42.45,68.0,52,51,5.82,Faya,1590364208
Upernavik,GL,72.79,-56.15,29.43,96,100,7.74,Upernavik,1590364208
Dawlatabad,AF,36.41,64.91,78.12,18,0,4.32,Dawlatabad,1590364208
Safidon,IN,29.42,76.67,90.54,19,0,4.63,Safidon,1590364208
Uyuni,BO,-20.46,-66.83,41.27,48,0,6.22,Uyuni,1590364208
Haimen,CN,23.19,116.61,77.0,94,40,4.47,Haimen,1590364209
Sinjai,ID,-5.12,120.25,76.71,92,100,0.89,Sinjai,1590364209
Ribeira Grande,PT,38.52,-28.7,65.12,92,100,14.05,Ribeira Grande,1590364209
Dikson,RU,73.51,80.55,30.76,98,86,13.15,Dikson,1590364209
Coxim,BR,-18.51,-54.76,59.67,76,0,2.68,Coxim,1590364209
Cherëmukhovo,RU,60.35,59.99,45.81,98,97,2.82,Cherëmukhovo,1590364209
Berbera,SO,10.44,45.01,90.18,57,0,5.75,Berbera,1590364209
Sampit,ID,-2.53,112.95,80.02,85,41,1.68,Sampit,1590364209
Provideniya,RU,64.38,-173.3,42.8,68,74,6.71,Provideniya,1590364210
Jamestown,US,42.1,-79.24,78.8,54,20,10.29,Jamestown,1590364210
Fort Nelson,CA,58.81,-122.7,60.8,59,75,6.93,Fort Nelson,1590364210
El Dorado,US,33.21,-92.67,82.4,74,1,4.7,El Dorado,1590364210
Carupano,VE,10.67,-63.26,79.45,81,97,13.65,Carupano,1590364210
Port Elizabeth,ZA,-33.92,25.57,48.2,100,34,4.7,Port Elizabeth,1590364077
Port Alfred,ZA,-33.59,26.89,59.0,90,12,3.0,Port Alfred,1590364210
Kalmunai,LK,7.42,81.82,81.5,83,99,4.03,Kalmunai,1590364210
Andenes,NO,69.31,16.12,44.6,75,57,4.7,Andenes,1590364210
Broome,US,42.25,-75.83,71.6,49,1,11.41,Broome,1590364211
Kapaa,US,22.08,-159.32,81.0,74,1,10.29,Kapaa,1590364145
Cayenne,GF,4.93,-52.33,77.0,100,75,4.52,Cayenne,1590364211
Anjiang,CN,27.32,110.1,65.16,91,100,4.43,Anjiang,1590364211
Kavaratti,IN,10.57,72.64,85.21,76,64,11.3,Kavaratti,1590364211
Chokurdakh,RU,70.63,147.92,33.1,100,100,5.82,Chokurdakh,1590364211
Fortuna,US,40.6,-124.16,64.0,72,40,16.11,Fortuna,1590364211
Ancud,CL,-41.87,-73.82,48.0,87,63,3.36,Ancud,1590364211
Kamenka,RU,51.32,42.77,46.0,87,0,4.54,Kamenka,1590364211
Calbuco,CL,-41.77,-73.13,44.6,100,39,6.78,Calbuco,1590364212
Esperance,AU,-33.87,121.9,57.2,58,40,29.97,Esperance,1590364212
Nuuk,GL,64.18,-51.72,32.0,89,52,14.99,Nuuk,1590364193
Salalah,OM,17.02,54.09,86.0,79,40,4.7,Salalah,1590364212
Līsakovsk,KZ,52.54,62.49,69.08,60,0,9.06,Līsakovsk,1590364212
Kaitangata,NZ,-46.28,169.85,48.99,88,97,5.99,Kaitangata,1590364212
Aksu,CN,41.12,80.26,67.32,38,4,13.22,Aksu,1590364212
São José da Coroa Grande,BR,-8.9,-35.15,78.62,87,68,8.9,São José da Coroa Grande,1590364134
Cabo San Lucas,MX,22.89,-109.91,88.0,34,20,12.75,Cabo San Lucas,1590364057
Southbridge,US,42.08,-72.03,61.0,55,72,5.5,Southbridge,1590364213
Lebu,CL,-37.62,-73.65,58.14,97,94,4.36,Lebu,1590364213
Tuatapere,NZ,-46.13,167.68,50.52,88,96,3.6,Tuatapere,1590364213
Bodden Town,KY,19.28,-81.25,84.2,83,40,10.29,Bodden Town,1590364213
Qaryat Sulūq,LY,31.67,20.25,63.61,65,0,7.43,Qaryat Sulūq,1590364213
Petatlán,MX,17.52,-101.27,86.0,62,5,11.41,Petatlán,1590364213
Villa Carlos Paz,AR,-31.42,-64.5,64.0,50,0,9.17,Villa Carlos Paz,1590364213
Zelenogorskiy,RU,55.03,87.0,57.2,100,20,1.97,Zelenogorskiy,1590364213
Saint-Pierre,RE,-21.34,55.48,68.0,77,75,4.7,Saint-Pierre,1590364213
Khatanga,RU,71.97,102.5,51.1,76,99,14.07,Khatanga,1590364214
Mar del Plata,AR,-38.0,-57.56,57.0,81,100,20.8,Mar del Plata,1590364214
Albany,US,42.6,-73.97,73.99,52,38,5.99,Albany,1590364214
Ushibukamachi,JP,32.19,130.02,70.83,75,100,4.36,Ushibukamachi,1590364214
Kemin,KG,42.78,75.69,61.99,37,0,7.18,Kemin,1590364214
Gunnedah,AU,-30.98,150.25,50.0,100,40,8.01,Gunnedah,1590364214
Banda Aceh,ID,5.56,95.32,78.12,84,100,12.48,Banda Aceh,1590364214
Castro,BR,-24.79,-50.01,53.02,83,100,2.37,Castro,1590364214
Narsaq,GL,60.92,-46.05,53.6,32,5,12.75,Narsaq,1590364214
Khovd,MN,48.01,91.64,61.66,29,27,2.95,Khovd,1590364214
Khasan,RU,42.43,130.64,59.2,68,46,1.72,Khasan,1590364215
Pisco,PE,-13.7,-76.22,64.0,88,40,9.17,Pisco,1590364215
Grindavik,IS,63.84,-22.43,41.0,86,40,10.29,Grindavik,1590364215
Verāval,IN,20.9,70.37,81.32,87,1,11.97,Verāval,1590364215
Gumrak,RU,48.78,44.38,42.8,93,20,2.24,Gumrak,1590364215
Vastse-Kuuste,EE,58.17,26.93,50.0,81,100,9.17,Vastse-Kuuste,1590364215
Gisborne,NZ,-38.65,178.0,62.19,91,100,6.8,Gisborne,1590364215
Buchanan,LR,5.88,-10.05,78.8,94,40,4.7,Buchanan,1590364215
Harper,LR,4.38,-7.72,78.76,88,43,6.76,Harper,1590364215
Pangnirtung,CA,66.15,-65.71,23.43,93,90,0.96,Pangnirtung,1590364215
Koumac,NC,-20.57,164.28,66.74,83,100,3.36,Koumac,1590364216
Kuchera,IN,26.98,73.97,88.03,28,61,11.5,Kuchera,1590364216
Grand Gaube,MU,-20.01,57.66,68.0,83,0,4.0,Grand Gaube,1590364216
Seoul,KR,37.57,126.98,60.8,87,90,1.12,Seoul,1590364081
Cidreira,BR,-30.18,-50.21,58.39,74,89,15.08,Cidreira,1590364022
Codrington,AU,-38.27,141.97,49.91,79,8,7.18,Codrington,1590364216
Souillac,MU,-20.52,57.52,68.0,94,75,6.93,Souillac,1590364216
Maragogi,BR,-9.01,-35.22,78.13,88,82,8.57,Maragogi,1590364104
Shingū,JP,33.73,135.98,71.6,68,40,2.24,Shingū,1590364216
Juliaca,PE,-15.5,-70.13,36.82,70,0,1.39,Juliaca,1590364091
Hong Kong,HK,22.29,114.16,82.0,83,73,8.99,Hong Kong,1590364192
Kiryat Gat,IL,31.61,34.76,66.0,79,0,7.18,Kiryat Gat,1590364217
Labuhan,ID,-6.88,112.21,81.45,86,46,4.63,Labuhan,1590364217
Ruteng,ID,-8.61,120.47,68.99,92,89,2.44,Ruteng,1590364217
Yar-Sale,RU,66.83,70.83,37.38,76,0,15.86,Yar-Sale,1590364217
Port Lincoln,AU,-34.73,135.87,54.25,69,81,8.03,Port Lincoln,1590364217
Bambous Virieux,MU,-20.34,57.76,68.0,94,75,6.93,Bambous Virieux,1590364217
Uyemskiy,RU,64.47,40.85,39.2,70,17,4.47,Uyemskiy,1590364217
Lagoa,PT,39.05,-27.98,64.49,94,100,15.19,Lagoa,1590364217
Beruwala,LK,6.48,79.98,82.2,85,100,11.7,Beruwala,1590364217
Pizarro,CO,4.95,-77.37,80.87,85,84,6.35,Pizarro,1590364218
Puerto Ayora,EC,-0.74,-90.35,75.0,90,73,1.01,Puerto Ayora,1590364218
Cherskiy,RU,68.75,161.3,42.03,58,0,5.97,Cherskiy,1590364218
Tuy Hoa,VN,13.08,109.3,82.53,75,100,5.64,Tuy Hoa,1590364218
Agüimes,ES,27.91,-15.45,71.01,88,0,19.46,Agüimes,1590364218
Badajoz,ES,38.67,-6.17,77.0,53,100,3.0,Badajoz,1590364218
Itaituba,BR,-4.28,-55.98,77.0,92,89,2.24,Itaituba,1590364219
Micheweni,TZ,-4.97,39.83,77.65,86,29,12.71,Micheweni,1590364219
Kalininsk,RU,51.5,44.48,43.65,86,12,5.46,Kalininsk,1590364219
Padang,ID,-0.95,100.35,79.97,68,65,3.38,Padang,1590364219
Guerrero Negro,MX,27.98,-114.06,66.33,66,9,19.17,Guerrero Negro,1590364219
Sinjār,IQ,36.32,41.88,63.54,47,85,8.7,Sinjār,1590364219
Vitim,RU,59.45,112.56,60.78,49,95,4.43,Vitim,1590364219
Riyadh,SA,24.69,46.72,84.2,20,0,3.36,Riyadh,1590364060
San Cristobal,VE,7.77,-72.22,71.17,78,72,3.94,San Cristobal,1590364153
Dronninglund,DK,57.16,10.29,51.01,87,41,3.0,Dronninglund,1590364220
Comodoro Rivadavia,AR,-45.87,-67.5,59.0,41,56,18.34,Comodoro Rivadavia,1590364220
San Quintín,MX,30.48,-115.95,67.32,65,0,14.94,San Quintín,1590364220
Marsabit,KE,2.33,37.99,64.18,99,5,18.84,Marsabit,1590364220
Coffs Harbour,AU,-30.3,153.13,66.2,52,0,11.41,Coffs Harbour,1590364220
Norman Wells,CA,65.28,-126.83,64.4,36,20,14.99,Norman Wells,1590364220
Acapulco de Juárez,MX,16.86,-99.89,84.2,70,20,13.87,Acapulco de Juárez,1590364220
Grootfontein,NA,-19.57,18.12,51.31,50,0,4.07,Grootfontein,1590364220
Kedrovyy,RU,56.17,91.82,59.0,72,81,6.71,Kedrovyy,1590364220
Te Anau,NZ,-45.42,167.72,52.39,76,75,4.32,Te Anau,1590364220
Arman',RU,59.7,150.17,41.4,83,100,3.31,Arman',1590364221
Fergus Falls,US,46.28,-96.08,71.01,77,75,3.36,Fergus Falls,1590364221
Vangaindrano,MG,-23.35,47.6,68.02,88,29,4.92,Vangaindrano,1590364221
Manokwari,ID,-0.87,134.08,84.18,67,85,2.62,Manokwari,1590364221
Gōtsuchō,JP,35.0,132.22,69.8,77,75,5.82,Gōtsuchō,1590364221
Zhigansk,RU,66.77,123.37,65.16,44,32,8.95,Zhigansk,1590364221
Mnogovershinnyy,RU,53.94,139.92,47.19,62,22,1.9,Mnogovershinnyy,1590364221
Vestmannaeyjar,IS,63.44,-20.27,45.68,77,70,13.27,Vestmannaeyjar,1590364221
Aklavik,CA,68.22,-135.01,55.4,70,20,17.22,Aklavik,1590364165
Qaanaaq,GL,77.48,-69.36,29.48,91,0,2.95,Qaanaaq,1590364222
Durban,ZA,-29.86,31.03,64.99,82,0,3.36,Durban,1590364105
Lavrentiya,RU,65.58,-171.0,34.68,94,61,6.29,Lavrentiya,1590364222
Sibolga,ID,1.74,98.78,76.55,83,100,3.76,Sibolga,1590364222
Hornepayne,CA,49.21,-84.77,71.44,57,15,6.85,Hornepayne,1590364222
Saint-Philippe,RE,-21.36,55.77,68.0,77,75,4.7,Saint-Philippe,1590364223
Tiksi,RU,71.69,128.87,39.33,94,100,3.65,Tiksi,1590364223
Tasiilaq,GL,65.61,-37.64,39.2,60,100,31.09,Tasiilaq,1590364223
Palmer,US,42.16,-72.33,69.8,26,1,9.17,Palmer,1590364223
Homer,US,59.64,-151.55,48.99,66,90,10.29,Homer,1590364120
Yenotayevka,RU,47.25,47.03,59.18,52,100,6.15,Yenotayevka,1590364223
Kloulklubed,PW,7.04,134.26,84.2,79,75,8.05,Kloulklubed,1590364223
Torrington,US,41.8,-73.12,66.99,67,87,1.01,Torrington,1590364023
Leningradskiy,RU,69.38,178.42,30.99,96,99,11.95,Leningradskiy,1590364223
Severo-Kuril'sk,RU,50.68,156.12,39.78,91,100,6.35,Severo-Kuril'sk,1590364224
South Venice,US,27.05,-82.42,77.0,94,40,12.75,South Venice,1590364224
Yellowknife,CA,62.46,-114.35,48.2,39,20,9.17,Yellowknife,1590364224
Rendsburg,DE,54.3,9.67,52.0,76,75,16.11,Rendsburg,1590364224
Katsuura,JP,35.13,140.3,73.99,69,75,11.41,Katsuura,1590364224
Breves,BR,-1.68,-50.48,76.28,94,44,1.41,Breves,1590364224
Zyryanka,RU,65.75,150.85,48.83,50,74,3.09,Zyryanka,1590364224
Sisimiut,GL,66.94,-53.67,31.86,95,86,15.61,Sisimiut,1590364224
Atuona,PF,-9.8,-139.03,81.23,77,22,12.33,Atuona,1590364225
Highland,US,34.13,-117.21,89.6,22,5,9.17,Highland,1590363940
Sychëvka,RU,55.83,34.27,40.51,93,39,4.79,Sychëvka,1590364225
Tabuk,PH,17.42,121.44,83.25,69,100,1.74,Tabuk,1590364225
Kieta,PG,-6.22,155.63,86.49,63,59,2.98,Kieta,1590364225
Khipro,PK,25.83,69.38,86.13,42,13,13.87,Khipro,1590364225
Diffa,NE,13.32,12.61,89.37,22,46,1.57,Diffa,1590364225
Xingyi,CN,24.19,102.82,66.07,80,32,3.94,Xingyi,1590364226
Mount Gambier,AU,-37.83,140.77,44.6,100,1,1.12,Mount Gambier,1590364226
Husavik,IS,66.04,-17.34,46.4,70,40,29.97,Husavik,1590364226
Ust'-Kan,RU,50.93,84.76,55.65,63,89,0.67,Ust'-Kan,1590364226
Bengkulu,ID,-3.8,102.27,77.88,78,72,4.23,Bengkulu,1590364226
Campo Maior,BR,-4.83,-42.17,75.61,91,77,2.33,Campo Maior,1590364226
Mossamedes,AO,-15.2,12.15,73.45,62,0,5.39,Mossamedes,1590364226
Noril'sk,RU,69.35,88.2,32.0,85,90,17.9,Noril'sk,1590364226
Nelson Bay,AU,-32.72,152.15,59.0,67,90,13.87,Nelson Bay,1590364227
Dalipey,PH,16.8,120.72,73.87,71,99,2.77,Dalipey,1590364227
Seymchan,RU,62.88,152.43,45.84,54,100,5.66,Seymchan,1590364227
Matara,LK,5.95,80.54,81.16,85,98,12.28,Matara,1590364227
Laguna,US,38.42,-121.42,93.2,13,1,8.05,Laguna,1590364227
Rawson,AR,-43.3,-65.1,57.7,58,71,25.7,Rawson,1590364227
Ayagoz,KZ,47.97,80.44,60.89,75,38,8.55,Ayagoz,1590364227
Havelock,US,34.88,-76.9,73.99,78,40,9.17,Havelock,1590364042
Umluj,SA,25.02,37.27,77.13,54,0,10.51,Umluj,1590364227
Guozhen,CN,34.37,107.36,69.35,39,98,2.84,Guozhen,1590364228
Abhā,SA,18.22,42.51,68.0,52,54,5.82,Abhā,1590364228
Portland,US,45.52,-122.68,73.99,35,40,4.7,Portland,1590363445
Ballina,AU,-28.87,153.57,64.4,55,40,10.29,Ballina,1590364228
Paamiut,GL,61.99,-49.67,36.09,88,48,23.31,Paamiut,1590364228
Saskylakh,RU,71.92,114.08,47.93,85,94,9.22,Saskylakh,1590364228
Pacific Grove,US,36.62,-121.92,75.0,56,1,6.93,Pacific Grove,1590364228
Okha,RU,53.57,142.95,39.97,79,59,6.08,Okha,1590364228
Ila,NO,63.43,10.37,50.0,76,72,9.17,Ila,1590364228
Huarmey,PE,-10.07,-78.15,66.15,81,29,5.01,Huarmey,1590364229
East London,ZA,-33.02,27.91,72.41,33,0,12.77,East London,1590364229
Talnakh,RU,69.49,88.4,32.0,86,90,17.9,Talnakh,1590364229
Port Keats,AU,-14.25,129.55,69.62,39,39,11.81,Port Keats,1590364229
Ilulissat,GL,69.22,-51.1,35.6,93,99,4.7,Ilulissat,1590364229
Hirara,JP,24.8,125.28,78.8,88,75,8.05,Hirara,1590364229
São João da Barra,BR,-21.64,-41.05,68.77,95,100,13.71,São João da Barra,1590364229
Chicamán,GT,15.4,-90.77,69.46,89,27,1.23,Chicamán,1590364229
Turan,VN,16.07,108.22,80.6,94,20,2.24,Turan,1590364037
Kirakira,SB,-10.45,161.92,84.69,74,75,9.22,Kirakira,1590364230
Mīnāb,IR,27.15,57.08,82.4,65,40,4.7,Mīnāb,1590364230
Hambantota,LK,6.12,81.12,81.81,82,95,17.69,Hambantota,1590364230
Cuenca,EC,-2.88,-78.98,62.6,67,75,9.17,Cuenca,1590363940
Saint Paul Harbor,US,57.79,-152.41,55.4,47,40,14.99,Saint Paul Harbor,1590364230
Kerema,PG,-7.96,145.78,79.43,86,100,2.53,Kerema,1590364230
Kota Kinabalu,MY,5.97,116.07,77.0,88,20,6.93,Kota Kinabalu,1590364230
São Félix do Xingu,BR,-6.64,-51.99,75.38,87,38,1.48,São Félix do Xingu,1590364230
Collie,AU,-33.37,116.15,59.0,44,91,19.28,Collie,1590364230
Santa Cruz de la Sierra,BO,-17.8,-63.17,59.0,58,0,3.36,Santa Cruz de la Sierra,1590364230
Monrovia,LR,6.3,-10.8,78.8,94,40,4.7,Monrovia,1590364230
Longyearbyen,SJ,78.22,15.64,39.2,60,75,6.93,Longyearbyen,1590364231
Kruisfontein,ZA,-34.0,24.73,50.32,89,51,2.17,Kruisfontein,1590364231
Hellvik,NO,59.92,5.78,48.99,93,90,17.22,Hellvik,1590364231
Airai,TL,-8.93,125.41,65.17,100,82,2.06,Airai,1590364231
Tabas,IR,33.6,56.92,87.8,16,0,4.7,Tabas,1590364231
Sioux Lookout,CA,50.1,-91.92,73.4,56,75,2.24,Sioux Lookout,1590364231
Faanui,PF,-16.48,-151.75,81.21,82,100,15.59,Faanui,1590364231
Sembakung,ID,3.82,117.25,77.18,96,100,2.46,Sembakung,1590364231
Arteche,PH,12.26,125.4,84.63,79,87,7.54,Arteche,1590364232
Srednekolymsk,RU,67.45,153.68,47.34,48,39,4.54,Srednekolymsk,1590364232
Road Town,VG,18.42,-64.62,82.0,86,16,1.01,Road Town,1590364232
Carutapera,BR,-1.2,-46.02,78.08,89,34,6.33,Carutapera,1590364232
Jalu,LY,29.03,21.55,68.61,57,1,8.55,Jalu,1590364232
Mauá,BR,-23.67,-46.46,55.99,71,32,6.93,Mauá,1590364232
Katherine,AU,-14.47,132.27,66.2,52,31,6.93,Katherine,1590364232
São Filipe,CV,14.9,-24.5,74.43,69,1,5.66,São Filipe,1590364232
Laredo,US,27.51,-99.51,95.0,47,20,18.34,Laredo,1590364156
Amapá,BR,1.0,-52.0,74.84,93,100,2.51,Amapá,1590364233
Kaoma,ZM,-14.78,24.8,56.41,56,9,4.76,Kaoma,1590364233
Deputatsky,RU,69.3,139.9,41.16,91,100,3.27,Deputatsky,1590364233
Mahébourg,MU,-20.41,57.7,68.0,94,75,6.93,Mahébourg,1590364233
Mahabad,IR,36.76,45.72,58.19,50,0,4.47,Mahabad,1590364233
Ténenkou,ML,14.46,-4.92,84.45,13,1,4.45,Ténenkou,1590364233
Zhangjiakou,CN,40.81,114.88,62.67,38,64,4.16,Zhangjiakou,1590364234
Inhambane,MZ,-23.86,35.38,67.87,82,4,2.55,Inhambane,1590364234
Hobyo,SO,5.35,48.53,82.76,73,0,25.75,Hobyo,1590364234
Porto Walter,BR,-8.27,-72.74,62.64,78,70,2.3,Porto Walter,1590364234
Yerbogachën,RU,61.28,108.01,67.82,49,85,5.84,Yerbogachën,1590364234
Nome,US,64.5,-165.41,53.6,62,90,14.99,Nome,1590364234
Vardø,NO,70.37,31.11,39.2,69,92,8.05,Vardø,1590364234
Aranjuez,ES,40.03,-3.6,72.0,52,100,6.93,Aranjuez,1590364235
Zabid,YE,14.2,43.32,87.84,63,14,8.23,Zabid,1590364235
Shahreza,IR,32.03,51.88,67.28,34,80,2.46,Shahreza,1590364235
Gazli,UZ,40.13,63.45,83.21,18,0,5.1,Gazli,1590364235
Carnarvon,AU,-24.87,113.63,68.92,63,41,18.68,Carnarvon,1590364235
Kununurra,AU,-15.77,128.73,68.0,42,43,5.82,Kununurra,1590364235
Macaíba,BR,-5.86,-35.35,75.2,100,40,4.7,Macaíba,1590364235
Quelimane,MZ,-17.88,36.89,66.2,93,0,2.24,Quelimane,1590364235
San Francisco del Mar Viejo,MX,16.23,-94.65,84.99,71,0,10.69,San Francisco del Mar Viejo,1590364235
Barcelos,PT,41.54,-8.62,68.0,100,50,2.24,Barcelos,1590364236
Sechura,PE,-5.56,-80.82,72.45,71,60,14.09,Sechura,1590364236
Dwārka,IN,22.24,68.97,82.89,81,0,15.79,Dwārka,1590364236
Kommunar,RU,59.62,30.39,44.6,65,98,4.47,Kommunar,1590364236
Anderson,US,34.53,-82.65,77.0,65,1,6.93,Anderson,1590364236
Torbay,CA,47.67,-52.73,37.99,79,40,12.75,Torbay,1590364236
Adrar,MR,20.5,-10.07,83.97,15,0,8.41,Adrar,1590364236
Büdingen,DE,50.3,9.12,55.99,77,79,15.01,Büdingen,1590364236
Amudat,UG,1.95,34.95,66.7,75,71,2.51,Amudat,1590364236
Wanaka,NZ,-44.7,169.15,50.29,67,100,4.09,Wanaka,1590364115
Solkan,SI,45.97,13.65,57.99,70,50,3.76,Solkan,1590364237
Juneau,US,58.3,-134.42,52.0,81,90,4.7,Juneau,1590364237
Atyrau,KZ,47.12,51.88,55.4,62,40,13.42,Atyrau,1590364237
Korem,ET,12.51,39.52,57.34,53,0,1.32,Korem,1590364237
Alugan,PH,12.22,125.48,84.63,78,90,8.75,Alugan,1590364237
Bonoua,CI,5.27,-3.6,82.4,88,20,8.05,Bonoua,1590364237
Wadi Maliz,TN,36.47,8.55,69.8,43,39,3.36,Wadi Maliz,1590364237
Shubarkuduk,KZ,49.14,56.49,70.0,47,0,7.2,Shubarkuduk,1590364237
Mountain Home,US,43.13,-115.69,71.6,14,1,14.99,Mountain Home,1590364237
Belturbet,IE,54.1,-7.45,44.1,94,16,3.83,Belturbet,1590364238
Solnechnyy,RU,50.72,136.63,50.04,55,61,8.52,Solnechnyy,1590364238
Chute-aux-Outardes,CA,49.12,-68.4,51.8,50,75,3.36,Chute-aux-Outardes,1590364238
Statesville,US,35.78,-80.89,69.8,88,40,4.68,Statesville,1590364238
Biak,ID,-0.91,122.88,81.36,79,72,5.55,Biak,1590364238
Oxapampa,PE,-10.58,-75.4,58.73,92,100,0.54,Oxapampa,1590364238
Todos Santos,MX,23.45,-110.22,68.0,79,0,5.01,Todos Santos,1590364238
Port Blair,IN,11.67,92.75,83.34,81,100,8.37,Port Blair,1590364238
El Bagre,CO,7.59,-74.81,81.79,86,50,1.97,El Bagre,1590364239
Jiazi,CN,22.88,116.07,77.63,82,74,6.08,Jiazi,1590364239
Requena,ES,39.49,-1.1,60.01,84,82,2.53,Requena,1590364239
Macclesfield,GB,53.26,-2.13,51.01,87,33,3.36,Macclesfield,1590364239
São Sebastião,BR,-23.76,-45.41,65.21,67,98,3.96,São Sebastião,1590364239
Porto-Novo,BJ,6.5,2.6,82.4,88,40,11.41,Porto-Novo,1590364239
Marawi,PH,8.0,124.29,81.0,79,69,3.0,Marawi,1590364239
George Town,MY,5.41,100.34,78.8,94,20,3.36,George Town,1590364239
Natá,PA,8.33,-80.52,82.99,57,96,2.28,Natá,1590364239
Whitehorse,CA,60.72,-135.05,57.99,36,75,14.99,Whitehorse,1590364240
Clyde River,CA,70.47,-68.59,24.8,85,1,11.41,Clyde River,1590364240
Kavieng,PG,-2.57,150.8,84.45,70,75,4.09,Kavieng,1590364240
Pospelikha,RU,51.95,81.77,62.58,81,84,6.71,Pospelikha,1590364240
Tilichiki,RU,60.47,166.1,37.63,82,15,3.42,Tilichiki,1590364240
Wajima,JP,37.4,136.9,64.4,93,75,4.7,Wajima,1590364240
Gravdal,NO,68.12,13.5,45.97,82,36,12.06,Gravdal,1590363972
Richards Bay,ZA,-28.78,32.04,65.64,75,0,11.3,Richards Bay,1590364240
Qeshm,IR,26.96,56.27,82.4,65,40,4.7,Qeshm,1590364240
Margate,GB,51.38,1.39,55.99,77,99,6.29,Margate,1590364240
Tautira,PF,-17.73,-149.15,86.0,66,40,6.93,Tautira,1590364241
São Gabriel da Cachoeira,BR,-0.13,-67.09,75.31,97,94,3.13,São Gabriel da Cachoeira,1590364241
Colmar,FR,48.08,7.37,53.01,87,64,1.12,Colmar,1590364241
Laas,IT,46.62,10.7,46.4,61,5,1.12,Laas,1590364241
Belyy Yar,RU,53.6,91.39,59.0,77,74,2.24,Belyy Yar,1590364241
Xai-Xai,MZ,-25.05,33.64,62.87,88,0,5.61,Xai-Xai,1590364241
Orsay,FR,48.7,2.19,60.01,76,28,3.36,Orsay,1590363988
Skjervøy,NO,70.03,20.97,44.28,77,42,9.91,Skjervøy,1590364241
Novy Urengoy,RU,66.08,76.63,39.87,66,45,11.45,Novy Urengoy,1590364241
Namtsy,RU,62.72,129.67,57.2,50,0,6.71,Namtsy,1590364241
Ahipara,NZ,-35.17,173.17,64.38,93,100,8.34,Ahipara,1590364242
San Policarpo,PH,12.18,125.51,84.67,78,91,8.88,San Policarpo,1590364242
Suez,EG,29.97,32.53,61.34,61,0,8.95,Suez,1590364242
Zaterechnyy,RU,44.79,45.21,56.62,53,98,4.7,Zaterechnyy,1590364242
Perivoli,GR,39.42,20.01,64.99,82,40,3.36,Perivoli,1590364242
Geraldton,AU,-28.77,114.6,64.4,68,90,21.92,Geraldton,1590364242
Launceston,AU,-41.45,147.17,45.0,87,75,10.29,Launceston,1590364242
Arica,CL,-18.48,-70.3,62.6,88,20,3.36,Arica,1590364242
Anchorage,US,61.22,-149.9,53.6,81,90,4.7,Anchorage,1590364203
Ola,RU,59.58,151.28,41.18,80,99,1.23,Ola,1590364243
Saint-François,FR,46.42,3.91,51.01,76,12,3.36,Saint-François,1590364243
Benguela,AO,-12.58,13.41,73.0,80,0,1.14,Benguela,1590364243
Kendari,ID,-3.94,122.5,77.77,92,98,4.05,Kendari,1590364243
Tanout,NE,14.97,8.89,91.29,29,79,8.21,Tanout,1590364243
Kochki,RU,54.34,80.48,62.37,80,100,3.18,Kochki,1590364243
Klyuchi,RU,52.27,79.17,65.86,72,55,1.45,Klyuchi,1590364243
Bonavista,CA,48.65,-53.11,37.0,87,61,5.99,Bonavista,1590364243
Marsh Harbour,BS,26.54,-77.06,77.77,76,100,16.96,Marsh Harbour,1590364243
Quatre Cocos,MU,-20.21,57.76,68.0,94,75,6.93,Quatre Cocos,1590364243
San Borja,BO,-14.82,-66.85,62.04,65,0,1.19,San Borja,1590364243
Tzucacab,MX,20.07,-89.05,94.57,29,11,3.49,Tzucacab,1590364244
Tamiami,US,25.76,-80.4,77.0,94,90,13.87,Tamiami,1590364244
Pori,FI,61.48,21.78,48.2,93,75,2.24,Pori,1590364244
Dunedin,NZ,-45.87,170.5,54.0,84,100,1.59,Dunedin,1590363953
Cassilândia,BR,-19.11,-51.73,55.17,86,76,1.59,Cassilândia,1590364244
Thinadhoo,MV,0.53,72.93,83.52,78,100,10.45,Thinadhoo,1590364244
Neiafu,TO,-18.65,-173.98,80.6,88,20,6.93,Neiafu,1590364245
Brae,GB,60.4,-1.35,50.0,93,98,14.99,Brae,1590364245
Lar,IN,26.2,83.97,84.0,46,95,6.6,Lar,1590364245
Mount Isa,AU,-20.73,139.5,59.0,44,12,9.17,Mount Isa,1590364245
Nouadhibou,MR,20.93,-17.03,68.0,94,40,13.87,Nouadhibou,1590364245
Keflavik,IS,64.0,-22.56,42.8,86,40,10.29,Keflavik,1590364245
Tripoli,LY,32.88,13.19,69.35,58,20,12.19,Tripoli,1590364230
Mpraeso,GH,6.59,-0.73,71.67,100,99,4.79,Mpraeso,1590364245
Antalaha,MG,-14.9,50.28,67.8,84,2,7.67,Antalaha,1590364245
Kajaani,FI,64.23,27.73,41.0,66,0,2.24,Kajaani,1590364245
Baykit,RU,61.67,96.37,58.57,60,42,9.06,Baykit,1590364246
Barra de Tecoanapa,MX,16.52,-98.75,82.69,71,3,10.56,Barra de Tecoanapa,1590364246
Hofn,IS,64.25,-15.21,46.22,82,76,25.99,Hofn,1590364246
Morón,AR,-34.65,-58.62,60.01,56,100,8.01,Morón,1590364246
Avilés,ES,43.55,-5.92,59.0,77,90,6.93,Avilés,1590364246
Birchiş,RO,45.97,22.17,48.2,100,10,1.77,Birchiş,1590364246
Am Timan,TD,11.03,20.28,82.8,63,78,11.27,Am Timan,1590364246
Salinópolis,BR,-0.61,-47.36,79.39,85,71,9.95,Salinópolis,1590364246
Nicoya,CR,10.15,-85.45,78.8,94,75,3.36,Nicoya,1590364246
Saint Anthony,US,45.02,-93.22,77.0,61,75,11.41,Saint Anthony,1590364246
Coyhaique,CL,-45.58,-72.07,46.4,65,20,3.36,Coyhaique,1590364246
Bella Union,UY,-30.28,-57.6,49.78,83,64,6.71,Bella Union,1590364247
Petukhovo,RU,55.07,67.9,67.01,74,10,7.94,Petukhovo,1590364247
Touros,BR,-5.2,-35.46,75.2,100,40,4.7,Touros,1590364247
Lompoc,US,34.64,-120.46,70.0,56,1,13.87,Lompoc,1590364017
Lorengau,PG,-2.02,147.27,85.82,67,91,4.23,Lorengau,1590364247
Avera,US,33.19,-82.53,86.0,66,1,6.22,Avera,1590364247
Sretensk,RU,52.25,117.71,59.11,39,88,4.76,Sretensk,1590364247
Kuruman,ZA,-27.45,23.43,54.0,61,0,5.55,Kuruman,1590364247
Zipári,GR,36.88,27.2,66.2,55,0,6.93,Zipári,1590364247
Ketchikan,US,55.34,-131.65,53.6,76,90,14.99,Ketchikan,1590364248
Port Hedland,AU,-20.32,118.57,73.4,100,75,17.22,Port Hedland,1590364248
San Luis,AR,-33.3,-66.34,53.94,37,0,4.45,San Luis,1590364245
Bairiki Village,KI,1.33,172.98,86.0,70,20,8.05,Bairiki Village,1590364248
Rocha,UY,-34.48,-54.33,55.65,53,83,15.01,Rocha,1590364106
Tsagan Aman,RU,47.56,46.72,56.48,51,96,5.17,Tsagan Aman,1590364248
Ouadda,CF,8.08,22.4,70.03,93,98,3.65,Ouadda,1590364248
Cabedelo,BR,-6.98,-34.83,75.2,100,90,2.24,Cabedelo,1590364248
Taksimo,RU,56.34,114.88,58.05,60,80,5.12,Taksimo,1590364248
Shelburne,CA,44.08,-80.2,75.2,64,75,12.75,Shelburne,1590364248
Viedma,AR,-40.81,-63.0,57.56,64,24,25.57,Viedma,1590364249
Batagay-Alyta,RU,67.8,130.41,58.62,53,68,7.05,Batagay-Alyta,1590364249
Talangnan,PH,9.63,123.33,82.71,76,98,3.06,Talangnan,1590364249
Elban,RU,50.1,136.51,55.47,50,76,15.64,Elban,1590364249
Puerto Escondido,MX,15.85,-97.07,84.25,68,9,6.17,Puerto Escondido,1590364214
Imeni Babushkina,RU,59.76,43.13,41.36,97,100,6.71,Imeni Babushkina,1590364249
Sur,OM,22.57,59.53,84.42,69,0,9.06,Sur,1590364249
Mahibadhoo,MV,3.78,72.97,84.33,79,100,19.3,Mahibadhoo,1590364249
Vestmanna,FO,62.16,-7.17,48.2,100,100,16.11,Vestmanna,1590364249
Aripuanã,BR,-9.17,-60.63,71.56,84,71,1.97,Aripuanã,1590364249
Arcata,US,40.87,-124.08,68.0,77,1,20.8,Arcata,1590364250
Camopi,GF,3.17,-52.32,74.82,95,100,2.33,Camopi,1590364250
Diapaga,BF,12.07,1.79,90.1,36,38,2.64,Diapaga,1590364250
Nemuro,JP,43.32,145.57,53.6,100,75,8.05,Nemuro,1590364250
Ulaangom,MN,49.98,92.07,67.46,29,94,3.22,Ulaangom,1590364251
Vanimo,PG,-2.67,141.3,84.13,78,49,3.18,Vanimo,1590364251
Deep River,CA,46.1,-77.5,73.4,49,20,8.05,Deep River,1590364251
Santa Cruz,MA,30.42,-9.6,78.8,34,0,4.7,Santa Cruz,1590364251
Isetskoye,RU,56.49,65.32,64.72,87,100,3.65,Isetskoye,1590364251
Sangar,RU,63.92,127.47,61.2,45,17,4.99,Sangar,1590364251
Moerai,PF,-22.43,-151.33,78.12,82,56,22.15,Moerai,1590364251
Lamu,KE,-2.27,40.9,79.86,84,86,16.91,Lamu,1590364251
Mildura,AU,-34.2,142.15,50.0,87,0,8.05,Mildura,1590364251
Polovinnoye,RU,54.79,65.99,67.05,74,22,7.49,Polovinnoye,1590364251
Susanville,US,40.42,-120.65,75.2,17,1,6.93,Susanville,1590364035
Sept-Îles,CA,50.2,-66.38,48.99,64,75,6.93,Sept-Îles,1590364252
Atherton,GB,53.52,-2.49,50.0,81,8,1.1,Atherton,1590364252
Kitakata,JP,37.65,139.87,69.01,100,75,6.93,Kitakata,1590364252
Māngrol,IN,21.12,70.12,81.41,86,0,11.18,Māngrol,1590364252
Apeldoorn,NL,52.21,5.97,54.0,100,90,5.82,Apeldoorn,1590364252
Isla Mujeres,MX,21.23,-86.73,84.2,74,75,9.17,Isla Mujeres,1590364252
Hay River,CA,60.82,-115.8,39.2,60,75,12.75,Hay River,1590364252
Halifax,CA,44.65,-63.57,50.0,33,34,6.71,Halifax,1590364252
Bolivar,US,37.61,-93.41,72.0,83,100,1.54,Bolivar,1590364252
Kilindoni,TZ,-7.91,39.67,79.68,79,11,17.09,Kilindoni,1590364253
Auki,SB,-8.77,160.7,85.78,68,65,3.38,Auki,1590364253
Yala,TH,6.33,101.25,76.73,88,86,2.75,Yala,1590364253
Santa Barbara,US,34.42,-119.7,77.0,60,1,11.41,Santa Barbara,1590364253
Montecorvino Rovella,IT,40.69,14.98,64.99,70,21,5.7,Montecorvino Rovella,1590364253
Sestri Levante,IT,44.27,9.4,69.01,60,53,8.48,Sestri Levante,1590364030
Maceió,BR,-9.67,-35.74,73.4,100,40,3.36,Maceió,1590364240
Kromy,RU,52.69,35.77,41.63,88,60,3.4,Kromy,1590364253
Rexburg,US,43.83,-111.79,59.0,41,1,5.82,Rexburg,1590364254
Brenham,US,30.17,-96.4,71.6,100,40,12.15,Brenham,1590364254
Abalak,RU,58.13,68.59,53.29,95,90,4.47,Abalak,1590364254
Panacan,PH,9.25,118.41,84.2,83,40,4.7,Panacan,1590364254
Shahr-e Kord,IR,32.33,50.86,60.12,39,38,1.5,Shahr-e Kord,1590364254
Buala,SB,-8.14,159.59,84.49,75,84,7.94,Buala,1590364254
Gādarwāra,IN,22.92,78.78,83.75,18,18,9.4,Gādarwāra,1590364255
Ganzhou,CN,28.82,115.43,72.77,76,75,6.29,Ganzhou,1590364255
Mackay,AU,-21.15,149.2,64.0,67,0,5.82,Mackay,1590364123
Pangai,TO,-19.8,-174.35,80.6,65,20,8.05,Pangai,1590364255
Arrondissement d'Arcachon,FR,44.59,-1.05,61.0,67,8,6.93,Arrondissement d'Arcachon,1590364255
Palana,RU,59.12,159.97,36.45,92,99,8.93,Palana,1590364255
Contamana,PE,-7.33,-75.02,70.68,74,99,4.5,Contamana,1590364255
College,US,64.86,-147.8,62.6,51,90,2.59,College,1590364255
Chui,UY,-33.7,-53.46,54.9,72,64,15.32,Chui,1590364255
Birjand,IR,32.87,59.22,64.4,23,0,6.93,Birjand,1590364255
Mitsamiouli,KM,-11.38,43.28,80.11,69,0,3.85,Mitsamiouli,1590364255
Lethem,GY,3.38,-59.8,82.94,66,96,5.19,Lethem,1590364256
Klaksvík,FO,62.23,-6.59,48.2,100,100,16.11,Klaksvík,1590364256
Iqaluit,CA,63.75,-68.51,28.4,74,90,4.7,Iqaluit,1590364256
Vakhrushi,RU,58.68,50.03,41.38,97,94,4.9,Vakhrushi,1590364256
Petropavlovsk-Kamchatskiy,RU,53.05,158.65,48.2,61,75,4.47,Petropavlovsk-Kamchatskiy,1590364256
Samarai,PG,-10.62,150.67,80.49,83,44,9.31,Samarai,1590364256
Santiago,CL,-33.46,-70.65,68.0,37,2,4.7,Santiago,1590364083
Zheshart,RU,62.07,49.57,43.52,68,99,11.01,Zheshart,1590364256
Hualmay,PE,-11.1,-77.61,64.56,83,61,5.21,Hualmay,1590364256
Capoterra,IT,39.18,8.97,64.4,88,40,6.93,Capoterra,1590364257
Pemangkat,ID,1.17,108.97,79.29,85,79,5.03,Pemangkat,1590364257
San Patricio,MX,19.22,-104.7,80.6,83,20,13.87,San Patricio,1590364257
Nouakchott,MR,18.09,-15.98,68.0,88,40,9.17,Nouakchott,1590364226
Panguipulli,CL,-39.63,-72.33,53.6,100,20,3.36,Panguipulli,1590364257
Halvad,IN,23.02,71.18,80.04,73,0,13.49,Halvad,1590364257
Mandalgovi,MN,45.76,106.27,49.24,67,69,9.75,Mandalgovi,1590364257
Sumy,UA,50.92,34.8,43.7,90,61,3.04,Sumy,1590364257
Manavālakurichi,IN,8.13,77.3,86.0,84,40,4.7,Manavālakurichi,1590364257
Vila Franca do Campo,PT,37.72,-25.43,64.4,88,20,12.75,Vila Franca do Campo,1590364258
Ambanja,MG,-13.68,48.45,70.99,78,20,3.83,Ambanja,1590364258
Saldanha,ZA,-33.01,17.94,55.4,93,100,9.17,Saldanha,1590364258
Shellbrook,CA,53.22,-106.4,66.2,49,40,2.24,Shellbrook,1590364258
Makakilo City,US,21.35,-158.09,86.0,51,75,6.93,Makakilo City,1590364258
Meulaboh,ID,4.14,96.13,75.27,95,100,6.13,Meulaboh,1590364258
Piopio,NZ,-38.47,175.02,66.0,86,100,1.99,Piopio,1590364258
Wapakoneta,US,40.57,-84.19,84.99,54,1,5.82,Wapakoneta,1590364258
Novo Aripuanã,BR,-5.12,-60.38,73.62,98,99,2.04,Novo Aripuanã,1590364258
Coquimbo,CL,-29.95,-71.34,51.8,93,63,3.04,Coquimbo,1590364258
Hadrut,AZ,39.52,47.03,51.62,76,57,5.08,Hadrut,1590364258
Sørland,NO,67.67,12.69,46.74,82,59,11.77,Sørland,1590364259
Victor Harbor,AU,-35.57,138.62,51.01,75,16,2.17,Victor Harbor,1590364259
Joshīmath,IN,30.57,79.57,56.97,34,0,8.08,Joshīmath,1590364259
Zhangye,CN,38.93,100.45,56.95,52,66,5.44,Zhangye,1590364259
Rafaela,AR,-31.25,-61.49,52.0,61,24,3.0,Rafaela,1590364259
Sanming,CN,26.25,117.62,80.15,76,35,1.36,Sanming,1590364259
Atambua,ID,-9.11,124.89,77.04,82,82,2.48,Atambua,1590364259
Tateyama,JP,34.98,139.87,72.0,77,40,1.12,Tateyama,1590364259
Luancheng,CN,37.88,114.65,69.8,56,100,4.47,Luancheng,1590364259
Santa Cruz de La Palma,ES,28.68,-17.76,68.0,88,40,14.99,Santa Cruz de La Palma,1590364260
Alta Floresta,BR,-9.88,-56.09,69.33,95,87,1.05,Alta Floresta,1590364260
Fairbanks,US,64.84,-147.72,62.6,59,90,2.64,Fairbanks,1590364190
Sarany,RU,58.5,58.88,48.54,99,99,4.59,Sarany,1590364260
Belgrade,RS,44.8,20.47,50.0,81,0,4.7,Belgrade,1590364260
Doka,SD,13.52,35.77,86.0,41,31,4.97,Doka,1590364260
Dafeng,CN,23.45,108.59,80.83,84,84,7.94,Dafeng,1590364260
Strathmore,CA,51.05,-113.39,64.0,50,0,1.99,Strathmore,1590364260
Nānākuli,US,21.39,-158.15,86.0,51,75,6.93,Nānākuli,1590364260
Montrose,US,38.42,-108.27,66.2,17,1,19.46,Montrose,1590364260
Bad Bevensen,DE,53.08,10.58,51.8,81,19,10.29,Bad Bevensen,1590364261
Satwās,IN,22.53,76.68,84.81,24,2,7.72,Satwās,1590364261
Umba,RU,66.69,34.34,36.79,78,84,4.74,Umba,1590364261
Gaomi,CN,36.38,119.75,72.0,72,100,5.97,Gaomi,1590364261
Luba,GQ,3.46,8.55,78.8,100,40,3.47,Luba,1590364261
Mujiayingzi,CN,42.12,118.78,59.95,33,15,9.44,Mujiayingzi,1590364261
Samaná,DO,19.21,-69.34,84.2,83,75,6.93,Samaná,1590364261
Oruzgan,AF,32.83,66.0,64.38,27,0,1.32,Oruzgan,1590364261
Zhaoqing,CN,23.05,112.46,81.0,99,64,3.06,Zhaoqing,1590364261
Florø,NO,61.6,5.03,46.4,100,87,8.05,Florø,1590364262
Potosí,BO,-19.58,-65.75,39.74,58,0,1.03,Potosí,1590364262
Tazovsky,RU,67.47,78.7,35.42,83,17,13.62,Tazovsky,1590364262
Poum,NC,-20.23,164.02,69.08,79,100,12.12,Poum,1590364262
Sitka,US,57.05,-135.33,48.2,81,90,8.05,Sitka,1590364262
Shenjiamen,CN,29.96,122.3,71.56,89,88,0.89,Shenjiamen,1590364262
Mindelo,CV,16.89,-24.98,73.4,78,20,14.99,Mindelo,1590364262
Taguatinga,BR,-12.39,-46.57,75.38,73,63,1.21,Taguatinga,1590364262
Los Llanos de Aridane,ES,28.66,-17.92,68.0,88,40,14.99,Los Llanos de Aridane,1590364262
Houma,US,29.6,-90.72,84.99,66,40,14.99,Houma,1590364015
Tual,ID,-5.67,132.75,80.83,84,100,25.19,Tual,1590364262
Novikovo,RU,51.15,37.89,43.81,84,18,2.8,Novikovo,1590364263
Shuangcheng,CN,45.35,126.28,57.2,67,33,15.66,Shuangcheng,1590364263
Inta,RU,66.03,60.17,39.52,73,7,14.83,Inta,1590364263
Murree,PK,33.91,73.39,79.0,68,0,5.82,Murree,1590364263
Metu,ET,8.3,35.58,58.01,98,60,2.53,Metu,1590364263
Itoman,JP,26.12,127.67,78.8,78,20,9.17,Itoman,1590364263
Petrovsk-Zabaykal'skiy,RU,51.27,108.84,55.38,55,90,2.42,Petrovsk-Zabaykal'skiy,1590364263
Adré,TD,13.47,22.2,82.8,32,81,2.06,Adré,1590364263
Winnemucca,US,40.97,-117.74,75.2,13,1,12.75,Winnemucca,1590364263
Machico,PT,32.7,-16.77,73.4,31,99,23.04,Machico,1590364263
Champerico,GT,14.3,-91.92,85.98,68,7,7.81,Champerico,1590364264
Camacha,PT,33.08,-16.33,68.0,60,81,6.93,Camacha,1590364264
Mumford,GH,5.26,-0.76,80.38,84,100,11.45,Mumford,1590364264
Samfya,ZM,-11.36,29.56,59.16,71,0,5.35,Samfya,1590364264
Bandarbeyla,SO,9.49,50.81,84.09,69,30,21.43,Bandarbeyla,1590364264
Suntar,RU,62.14,117.63,72.12,37,63,3.15,Suntar,1590364264
